{
  "ext/controller/MainExtension.controller.js": 1759939660625,
  "manifest.json": 1759943921533,
  "ext/controller/CustomActions.js": 1759935877157,
  "i18n/i18n.properties": 1753474063952,
  "Component.js": 1753895896698,
  "Component-dbg.js": 1753895896698,
  "Component.js.map": 1759943921686,
  "ext/controller/MainExtension-dbg.controller.js": 1759939660625,
  "ext/controller/MainExtension.controller.js.map": 1759943921716,
  "ext/controller/CustomActions-dbg.js": 1759935877157,
  "ext/controller/CustomActions.js.map": 1759943921686,
  "Component-preload.js": 1759943921861,
  "Component-preload.js.map": 1759943921861,
  "ext/dialog/fileUploader.fragment.xml": 1753885779051,
  "index.html": 1753474063949
}