{
  "ext/controller/CustomActions-dbg.js": 1753877361964,
  "ext/controller/CustomActions.js": 1753877361964,
  "ext/controller/MainExtension.controller.js": 1755530358734,
  "manifest.json": 1758296248253,
  "Component.js": 1753895896698,
  "i18n/i18n.properties": 1753474063952,
  "ext/controller/CustomActions.js.map": 1758296248707,
  "ext/controller/MainExtension-dbg.controller.js": 1755530358734,
  "ext/controller/MainExtension.controller.js.map": 1758296248707,
  "Component-dbg.js": 1753895896698,
  "Component.js.map": 1758296248709,
  "Component-preload.js": 1758296248920,
  "Component-preload.js.map": 1758296248920,
  "ext/dialog/fileUploader.fragment.xml": 1753885779051,
  "index.html": 1753474063949
}